image_path,clean_title,label,image_url,blip2_caption
/content/fakeddit_images/0.jpg,this tiny spoiler on this car,1,https://preview.redd.it/r05zlwu9ceo31.jpg?width=320&crop=smart&auto=webp&s=8b83471ced2a1091dd91c7ba8094b47c6b0b3688,the back end of a black audi parked at a gas station
/content/fakeddit_images/1.jpg,i am going to a hospital in due to notoriety or lack of translation,0,https://external-preview.redd.it/WYnfGnWhlS17KRdrccs9HoLRIiEtG9sFUVZTdlqWOeg.jpg?width=320&crop=smart&auto=webp&s=46afb8dc151efe09f1f7fb8b302006f7ade174ba,a man in white clothes is surrounded by police officers
/content/fakeddit_images/2.jpg,flamingo bros where are my shoes,0,https://preview.redd.it/2bvyzw2ou2tz.jpg?width=320&crop=smart&auto=webp&s=7aa95b44dcbe4bebd86ad3242228342d617426fb,a woman sitting in a chair with the words flamingo bros when are my shoes?
/content/fakeddit_images/3.jpg,people really did buy poop on black friday,1,https://external-preview.redd.it/QupwrX2NA0Tzo2sGCaom3XorOH7hjObvOU3cqQklA20.jpg?width=320&crop=smart&auto=webp&s=a8b133a326fa3ba857e8b6da0999ba4470fa78e4,a brown box with a black face on it
/content/fakeddit_images/4.jpg,chips and salsa worth stolen from exeter storage unit,1,https://external-preview.redd.it/6ZR075IHnrgw1Ty7P328J-05fBo26-2xPvIFKXVxufQ.jpg?width=320&crop=smart&auto=webp&s=d0cd8305e355ca56fbb7c760a2fd879735d7bffa,lays chips are in a display case
/content/fakeddit_images/5.jpg,this crosswalk has a sensor instead of a button so you dont have to touch the button,1,https://preview.redd.it/g41c5hxe7mz21.jpg?width=320&crop=smart&auto=webp&s=b95be113810d336f29cac28f981b528f3475e2dd,a person is reaching for a parking meter
/content/fakeddit_images/6.jpg,fbi wants more access to facebook data to monitor threats,1,https://external-preview.redd.it/2sKOaKdP8sK6WpN-2kBQgcrJXwSWyRH1d-ygW7R3yMQ.jpg?width=320&crop=smart&auto=webp&s=508f0716680fe5612500e8a59d54031722836552,fbi agents are using a new technology to track down criminals
/content/fakeddit_images/9.jpg,i dont know he looks kinda sick,0,https://external-preview.redd.it/2LLjv49w579E9HLLs2v338wLgMpAgJBph_uQSdWFKTU.jpg?width=320&crop=smart&auto=webp&s=55b4f153bf29af03eca29f343c1ace5f56607662,a blue toilet paper holder with a face on it
/content/fakeddit_images/10.jpg,nikita khrushchev drinking a can of pepsi after the kitchen debate between him and richard nixon colourized,0,https://preview.redd.it/54dtujv3usy01.jpg?width=320&crop=smart&auto=webp&s=b9951c729b362c429a956dd5fb28b2dfa11db8d1,an old man with a beard and tie is drinking from a cup
/content/fakeddit_images/12.jpg,this extremely long fry from arbys,1,https://preview.redd.it/1cbilca4ufi31.jpg?width=320&crop=smart&auto=webp&s=76c6075d9f6017843e2636a856565a3d72f9fd0f,a person holding a long orange string
/content/fakeddit_images/13.jpg,americans first knowing what to call african slaves,0,https://preview.redd.it/ohsq1ix97ym31.jpg?width=320&crop=smart&auto=webp&s=3b9d3ed078beaf0bfc1e771b8e972fceea0fb905,a person holding a small button with the letter n on it
/content/fakeddit_images/15.jpg,salem witch trials,0,https://preview.redd.it/f2mxow304c231.jpg?width=320&crop=smart&auto=webp&s=6d9383a410d41f3c87a5b7cb75861d62304c6230,jon bois twitter
/content/fakeddit_images/16.jpg,national guard member suicides outpacing all other military branches,1,https://external-preview.redd.it/LJmH05xj4G2XhqSBWPM8SMGqjAK2FjorLZGSbWAYnr0.jpg?width=320&crop=smart&auto=webp&s=09e4cbfc9d58fb265ab954e4f0125c2bd6021a58,a man and woman sitting on the ground in the fall
/content/fakeddit_images/17.jpg,gunowner who shot at lost teen had previously been charged in roadrage shooting incident rochester hills mi,1,https://external-preview.redd.it/f6-RNsRFxukbI4IuJraii_ET7o1Phl4F0k3wVMGSOfc.jpg?width=320&crop=smart&auto=webp&s=4a2050c4a295570244ff839e61cdaaa2a5534999,two men are shown in this mug shot
/content/fakeddit_images/18.jpg,doh,0,https://preview.redd.it/3kmdl2ubktp31.jpg?width=320&crop=smart&auto=webp&s=707f61fa99677cf3f8b9f0409f16aea0c2a16d21,a sunset with clouds and cars parked in a parking lot
/content/fakeddit_images/19.jpg,homeopathy conference ends in chaos after delegates take hallucinogenic drug,1,https://external-preview.redd.it/HkDM1-Wpj8sO0aBFHZZ4nVoc9hiEb-U5PJvIeSzCcAU.jpg?width=320&crop=smart&auto=webp&s=7e80f4f4146f178a89561835a529e8ccf81dda27,a pile of pills with white powder inside
/content/fakeddit_images/20.jpg,alfred hitchcock angrily squatting in front of a vast ocean,1,https://external-preview.redd.it/L20nSecOncdLqY2aUAr-h2D1RRmr6AzPPObVPI8MnNU.jpg?width=320&crop=smart&auto=webp&s=cea32a4156b7a070a2967683276093f031ccb9da,a man in black suit kneeling on the beach
/content/fakeddit_images/21.jpg,obamas russia sanctions put hill republicans in a box,1,https://external-preview.redd.it/9XdfYLT_yrilB5sBFqb0I4zY6YW-ntlj9jKifvhHGkQ.jpg?width=320&crop=smart&auto=webp&s=9d45e1b687da8f6c28a1fb7e05133cc77c377c21,ryan says he's 'not going to be bullied' by obama
/content/fakeddit_images/22.jpg,debate rages over praying for atheist richard dawkins after stroke,1,https://external-preview.redd.it/PJMG2kseE202z4Q821F_yWD854CSQO6lJ7mhfxk_L5Y.jpg?width=320&crop=smart&auto=webp&s=34af0060d1f9838618e676da1a0ec782cbe22a35,a man in glasses is speaking into a microphone
/content/fakeddit_images/23.jpg,ed sheeran sweetly serenades hospitalbound yearold girl,1,https://external-preview.redd.it/HRheaoTrvlsCCCYRz3SCYvJUZ63SaY_fzW9UUNUt-9o.jpg?width=320&crop=smart&auto=webp&s=fc0684e8361c05d903acc26fd3f266c8f2144a76,a man and a little girl in a hospital bed
/content/fakeddit_images/24.jpg,face of queen nefertiti brought to life with d scans,1,https://external-preview.redd.it/_ZZZRBlMc-mSJuvNmO7jwENr39hUR1ltYkBhp1K5wXA.jpg?width=320&crop=smart&auto=webp&s=4357d6f67e7716a4df31d4984618c3af5a4ed9cf,the mummy of nefertiti and the pharaoh's wife
/content/fakeddit_images/25.jpg,scary pipe monster found in an abandoned factory,0,https://external-preview.redd.it/cmPxt6PfEgJHHMgDLgQ2OKIl7kXW1Dv4YBVdxKkerAo.jpg?width=320&crop=smart&auto=webp&s=c55b3185dfcbe301f77db8dbe3c5b2cd6d99b7a6,a face is painted on the side of a metal tank
/content/fakeddit_images/26.jpg,deep sea creatures,1,https://external-preview.redd.it/S_ne6idEBBgntB4NvPqG_bVZt2VhxzWJR_NBT2OMi3o.jpg?width=320&crop=smart&auto=webp&s=cbe0b465477dabe4c27a098f287354493a073363,a jellyfish and fish in the ocean
/content/fakeddit_images/27.jpg,christ announces hiring of associate christ,0,https://external-preview.redd.it/hmJfawgQVamGAzLUYmjDDKM9j-oTsynpBj5JIBvyRqc.jpg?width=320&crop=smart&auto=webp&s=5b998c5e7e8ff66651a52b60e1896844492162a0,jesus and his disciples are shown in a painting
/content/fakeddit_images/28.jpg,a nazi general still alive after being sentenced to death by firing squad,0,https://external-preview.redd.it/ylEnvKQcTXw7F-wE50rYNRVcQKCO4zz4AISGvFHiJiE.jpg?width=320&crop=smart&auto=webp&s=381c29130a48b004d2fa56a90a9610ebe20b37b8,a cartoon character is hanging from a door
/content/fakeddit_images/29.jpg,chinese village doctor overcomes amputation to make house calls on only one leg,1,https://external-preview.redd.it/hQj0KYonwhn61tJVwCUH0scdtTAAhfEj537iUgtUN-o.jpg?width=320&crop=smart&auto=webp&s=b86543fb7a4bf449ea440b589f5987dc9b5a4730,a man walking down a dirt road with a cane
/content/fakeddit_images/31.jpg,my inlaws moved into a building that hasnt updated its common room since,1,https://preview.redd.it/knd5hhyozny21.jpg?width=320&crop=smart&auto=webp&s=1f160a5b29f99ff83d062e3d57120e491d0c655d,a room with purple walls and green furniture
/content/fakeddit_images/32.jpg,jose mourinhos face,1,https://external-preview.redd.it/Nezv-syb0nKvZLt-HUSWjD2oJuiKjHMRTRQI6aaPGgI.jpg?width=320&crop=smart&auto=webp&s=8dcb9cfca82ae35b6ad4ea0d07308765785c8ab3,jose mourinho and chelsea's manager michael luiz
/content/fakeddit_images/34.jpg,a philadelphia bar cut a hall of famers baseball card in half and made it part of their wallpaper in mint condition its worth,1,https://preview.redd.it/0ksailoiupe31.jpg?width=320&crop=smart&auto=webp&s=7fcf817cd1dec665f54bfa7157b498db430cd6fd,a baseball card with a picture of a man on it
/content/fakeddit_images/35.jpg,a field of broccoli,0,https://external-preview.redd.it/LF0xy5ak2o0F8TAN8bWAvAX_TzsV3LbVbjDOOn7VZkw.jpg?width=320&crop=smart&auto=webp&s=cd8b6d9a9966834f472f3887d9a3da4f35e0110e,a large group of hulk figurines in a factory
/content/fakeddit_images/37.jpg,ive u aint seen nothing yet,0,https://preview.redd.it/iuoq0ryhea311.png?width=320&crop=smart&auto=webp&s=f3f525e2ca73c908bd9a63b05af03fb4569d5fd3,a poster with a woman's face and eyes
/content/fakeddit_images/38.jpg,dog sitting on a chair,1,https://external-preview.redd.it/bz7LmO-f_MC5OyFroVdoDLp5zOkyNJbFm-meuKAeKic.jpg?width=320&crop=smart&auto=webp&s=8f338f9bb82370adf9473aa80f1f66bdb300a57a,a dog sits on a chair in front of a house
/content/fakeddit_images/40.jpg,my friends angry broken lipstick,0,https://external-preview.redd.it/tNonMmQulhal8uOwI54X320BwhFRDajyR8-ax2tctx0.jpg?width=320&crop=smart&auto=webp&s=81b4ca99f93007d431b977dadd45f6b76f4bda3d,a close up of a lipstick with a hole in it
/content/fakeddit_images/42.jpg,no planes were hurt in the filming of this scene photo credit in comments,0,https://preview.redd.it/oirmmce25lq31.jpg?width=320&crop=smart&auto=webp&s=902d8a0f803efa4cd4d6d6baec3cb818cd3b0e85,air france a330-300 and airbus a350-900
/content/fakeddit_images/43.jpg,my textbook has further reading divided into more technical and less technical sections,1,https://preview.redd.it/04cbaj4opxt31.jpg?width=320&crop=smart&auto=webp&s=6002fb4d88bf3a02279a3cd0a0329509884add5b,a book with a page showing the contents of the book
/content/fakeddit_images/44.jpg,bernie sander announces his campaign for president,0,https://preview.redd.it/m0yhjb563ek21.jpg?width=320&crop=smart&auto=webp&s=25fcdce0d3af91379bdafea3c4ab48a570fa02ff,"yoda is sitting in a chair with the caption, ""yoda is a wise man"""
/content/fakeddit_images/45.jpg,this carrot i cooked with looks like legs,1,https://preview.redd.it/zqke02zyk1v21.jpg?width=320&crop=smart&auto=webp&s=ef187e6d7d52cf38fd19634e058d9fa11e2f8053,a person holding up a carrot with their hand
/content/fakeddit_images/47.jpg,putins alleged lovermistress alina kabayeva,1,https://external-preview.redd.it/cASHSDHCpsf2z7Fs7i4gjNA5aDHvmQsifRJbU5oinwI.jpg?width=320&crop=smart&auto=webp&s=ffb44193a2a992276e70660f26ecc0d7d5c4b0fe,a young woman doing a gymnastics move with a ball
/content/fakeddit_images/48.jpg,pegasus prize boosts center to help homeless youths in dallas,1,https://external-preview.redd.it/qmBuGtgWAlQ6i6vzK_NhRRHn8m7wQRdNAGGrYoctJaQ.jpg?width=320&crop=smart&auto=webp&s=9baf7412df276fad0301c46298de5c9ab771df87,homeless count in the city of chicago
/content/fakeddit_images/49.jpg,infant holding on for dear life,1,https://preview.redd.it/m8p9fkcin3k21.jpg?width=320&crop=smart&auto=webp&s=fa22ec542114ba6f2fc198450ab008b849eb89ac,a baby in a shopping cart at a supermarket
/content/fakeddit_images/51.jpg,the man who looks after dogs,1,https://external-preview.redd.it/EJftr6dUCphCaXSmQKDKh9wcxmKFIKGzITpbnh8MNQM.jpg?width=320&crop=smart&auto=webp&s=acec1d7d0bf87dbb8d8973f48d7b7c57d21c8029,a man is sitting on the ground with several dogs
/content/fakeddit_images/52.jpg,super photogenic baseball player,1,https://external-preview.redd.it/xriUfEfonapo9MdUN_9wBcouN_9gPAg4ciftQIJft04.jpg?width=320&crop=smart&auto=webp&s=517bc5cea8d454a5b65c4ce17075ea205f516277,two baseball players sliding into base during a game
/content/fakeddit_images/53.jpg,man in bradford traffic queue given parking ticket,1,https://external-preview.redd.it/Jc0NqSip9xzTm2g8mG4kwo1AgWMJChvYPSryc24Xn0w.jpg?width=320&crop=smart&auto=webp&s=a902508d307d30dd58ac541dc7c96abb74ba12fa,a car is seen in the rain with a red circle around it
/content/fakeddit_images/54.jpg,midapril release for redacted mueller report,1,https://external-preview.redd.it/qIbzfHipchyEP8d3ax51A5EQbYZRBVMgQXagWUpMu4A.jpg?width=320&crop=smart&auto=webp&s=37ad4f99a802cb46dda60cf1a71610e2d69da619,a man in a suit and tie sitting at a table
/content/fakeddit_images/55.jpg,the way the grass has grown over the mat,1,https://external-preview.redd.it/h0S6-2uD2UI1TV44hRd6GvWYhhfwlkkbDQI48croDL0.jpg?width=320&crop=smart&auto=webp&s=d6a0b60f8a056a6e67acc0f2e1c5b787a6b9c995,a wooden fence with a broken piece of wood on the ground
/content/fakeddit_images/56.jpg,poll nfl drops as favorite us sport,1,https://external-preview.redd.it/wL28bGifb4nbtSivrarS6ZP3Dix8AW2x0Md6te-iJOU.jpg?width=320&crop=smart&auto=webp&s=99db82b4b289fe321a51f30f6058748150d3e49b,"atlanta falcons vs new england patriots live stream, tv channel, time, how to watch nfl football online"
/content/fakeddit_images/61.jpg,this school uniform matches the school walls bomi liberia,1,https://preview.redd.it/hb580kikmks31.jpg?width=320&crop=smart&auto=webp&s=6262c485be7d1e3a6ea9fe63f3d589e9317ffa51,a group of students in front of a yellow and blue building
/content/fakeddit_images/62.jpg,this sleeping cat,1,https://preview.redd.it/7pox6x9bnnk31.jpg?width=320&crop=smart&auto=webp&s=70077c3b06ec4242ff8634202cc0481269dac49b,an orange cat laying on its back in a cat bed
/content/fakeddit_images/63.jpg,this cat in a sock,1,https://external-preview.redd.it/Fu3qU9-JjC1r1uZPVabFwozsAjWsza565sNSq4q-Nw0.jpg?width=320&crop=smart&auto=webp&s=b8244762c6ec3787bdd161c97805fd5f9ace17ef,a kitten wrapped in a blanket is held in someone's hand
/content/fakeddit_images/64.jpg,yearold norcal boy who grew out hair to donate to cancer patients diagnosed with stage cancer,1,https://external-preview.redd.it/jI6dPsKWiiRKVc_QCIrkLbM4ouq4X6PKuetdRm5fXhc.jpg?width=320&crop=smart&auto=webp&s=911c6cf677bbb8682efe8df4d8e6e4e5aa53f572,three children are smiling and holding their hair
/content/fakeddit_images/65.jpg,judge blocks trump threat to withhold sanctuary city funds,1,https://external-preview.redd.it/QF_rLXhqpgsHPQ3k_NHh2b7KAd-CwP6TwvilY0AB5Nw.jpg?width=216&crop=smart&auto=webp&s=bdc224ffd0af6e80e837701812b9e25f254f607d,sanctuary city bill passes california senate
/content/fakeddit_images/66.jpg,my friend spit on the ground and it looks exactly like a cat even bubbles where the eyes are,0,https://external-preview.redd.it/P8WZWXc7gpJDT4B_McksbUORSfr_R1nLj_6KprdEbUE.jpg?width=320&crop=smart&auto=webp&s=b8ec924f3236b9bfbe1d09c0b4f3b0c730894c7c,a cat is sitting on the ground at night
/content/fakeddit_images/67.jpg,the post office kept returning packages mailed in beer boxes so i had to get creative,1,https://preview.redd.it/mwie0uzmcy831.jpg?width=320&crop=smart&auto=webp&s=5bc0b9e19711d0bb2c10c47f1df01b4b51b0c81d,laurelwood robotics team
/content/fakeddit_images/68.jpg,metallica the unforgiven,0,https://preview.redd.it/yts81yr5wma31.jpg?width=320&crop=smart&auto=webp&s=54b910be0a74445e5dc6662fc5067d01f35b4d06,"the cover of the book, the man in the hole"
/content/fakeddit_images/69.jpg,sleeping walrus on submarine,1,https://external-preview.redd.it/5qzHVQ9kxKACKrEiusshCtdyc7HeJIJiVdaBR6tLSNA.jpg?width=320&crop=smart&auto=webp&s=fe297d5c67b7d98b6a8476e663b976c25b162e5e,a man standing on top of a walrus on a boat
/content/fakeddit_images/70.jpg,new aircraft in early stages of design,0,https://preview.redd.it/m37uawwdonoz.jpg?width=320&crop=smart&auto=webp&s=34e692d87e6811f7b056cd789d9bc40ca1005d39,a courtyard with a fountain in the middle of it
/content/fakeddit_images/71.jpg,low budget thor and hulk,1,https://external-preview.redd.it/avrLPVxMor57ywjPvBwuZGDBTKzqZj-jx_HfJX-sq8I.png?width=320&crop=smart&auto=webp&s=e02968a6b561ab62c57cb811d4f17760bb50954f,a man dressed as a hulk
/content/fakeddit_images/73.jpg,this kid and a mackerel,1,https://preview.redd.it/2agb2ile3t8z.jpg?width=320&crop=smart&auto=webp&s=4a91f08dd004eb91c2be578b097fced434fa08bd,a young boy holding a fish on a boat
/content/fakeddit_images/75.jpg,the d,1,https://external-preview.redd.it/HzF5x-Vd5G_qzm2ki9wIYAaJWiIqD4DdCKRqlIuZc1o.jpg?width=320&crop=smart&auto=webp&s=897df03f680b38dcea121ab35fdb55aa90cbd4b1,the sign on the building is the name of the hotel
/content/fakeddit_images/77.jpg,this sprinting squirrel,1,https://external-preview.redd.it/98aFT4IzwG5jlqr1dotZ7RFlo57rPANXGkzIWKWw8r4.jpg?width=320&crop=smart&auto=webp&s=a3e952f0e6ca41851b5fb300a8e5dca57f05be61,a squirrel is walking on a wooden deck
/content/fakeddit_images/78.jpg,this professional french esport player,1,https://preview.redd.it/s7lyiiof7tj31.jpg?width=320&crop=smart&auto=webp&s=2c11ec53e6e393e20543a7c441c05e9279597c92,a man with his mouth open in front of a crowd
/content/fakeddit_images/80.jpg,how i made this jenga tower,1,https://preview.redd.it/183qyfy587631.jpg?width=320&crop=smart&auto=webp&s=648cd6bd7946572990b002c479196a33c4045975,a tower of wooden blocks sitting on a table
/content/fakeddit_images/82.jpg,horizon zero dawn release date ps exclusivity trailer and everything we know so far,0,https://external-preview.redd.it/SlY0VAxoR687Wax8P90Z7SsD6XF4zdevIcBRnIXWpQw.jpg?width=320&crop=smart&auto=webp&s=8eca34f400afc2b92d6a7b95cbfd70c50536c37e,the woman is holding an arrow in the desert
/content/fakeddit_images/83.jpg,adolf hitler orders his senior officers to begin the invasion of poland circa,0,https://external-preview.redd.it/8Qol16HlQ0cZAcDYW-pbSvPrWsPVitWGvHJ6qArd7N8.jpg?width=320&crop=smart&auto=webp&s=e4c9adc44035c3924d787ef3d034b44be7d1549f,a cartoon character is standing in front of a group of soldiers
/content/fakeddit_images/84.jpg,trump pardons former sheriff joe arpaio,1,https://external-preview.redd.it/Jdaij-2j1oIE6E7W513t-JOCp_f4yNqHNQH3xu0LL4Y.jpg?width=320&crop=smart&auto=webp&s=eec39168140d7561c752aceb24fc754a6040114b,two men standing behind a podium with trump and donald
/content/fakeddit_images/86.jpg,cardboard cutout of most interesting man fails as carpoollane ruse,1,https://external-preview.redd.it/h2-J0KwJ4xPb67nRqv6Ffn2GIXIZwyq24fjSiNlXBCU.jpg?width=320&crop=smart&auto=webp&s=df73d0a07b104558f7d399dc5f0b63094d64af65,a man in a car with a man in the back seat
/content/fakeddit_images/88.jpg,my jean tags donation request,1,https://preview.redd.it/9o9igrn5cum31.jpg?width=320&crop=smart&auto=webp&s=fe74ada6e96d48255f66d575c607f4b204406e11,a dog is sitting on a bed with a label on it
/content/fakeddit_images/89.jpg,here ya go,0,http://4.bp.blogspot.com/-3PZhBqkbF6U/UExreutG4cI/AAAAAAAACu4/iIiTVLroxNA/s1600/patrick-bateman-upvote.jpg,a man in a suit and tie standing in a bar
/content/fakeddit_images/90.jpg,dead man fulfils comedy club wish,1,https://external-preview.redd.it/2LlUn4jRjTL1L_gJhJaNBWiaKTzYr6NC3pmuJVVvxlY.jpg?width=320&crop=smart&auto=webp&s=4548d2a85ccc40949917bcd564e9544177cd511e,a green container with a face on it
/content/fakeddit_images/93.jpg,woman rescues man on i using baseball bat,1,https://external-preview.redd.it/wC_QdvrABZdCeI1Vp4syrTJytOQ05oyt3XPApfZLXuk.jpg?width=320&crop=smart&auto=webp&s=0c7c67f19e6e34344adaf705797a8d0aec6764a6,woman who lost her home in the storm
/content/fakeddit_images/94.jpg,mnuchin treasury nominee fails to disclose million in assets,1,https://external-preview.redd.it/JnXDmRhNyYnn5W0XnLB3-rPx7r0SvMzEHkKblAIgTMo.jpg?width=320&crop=smart&auto=webp&s=c4cd48f15b16b46c5e71c2ed04ea9b97b1b08e2c,a man in glasses and a red tie sitting at a table
/content/fakeddit_images/97.jpg,couple arrested for selling golden tickets to heaven,1,https://external-preview.redd.it/Gnle6lVha8BNintq75Y8ZKVI0pXJtYrHXFuPUJrPags.jpg?width=320&crop=smart&auto=webp&s=38ebf958c33abb3d0f3725f8cc0151c440013d4b,two people with their faces painted on their faces
/content/fakeddit_images/98.jpg,los angelesarea school teacher accused of sexually abusing up to kids,1,https://external-preview.redd.it/4Hembckm98ov-20_Q3_H1BUiCRhEOqhG7q4UYsg31iQ.jpg?width=320&crop=smart&auto=webp&s=4099f45a000eb9f79a43358b645be5252e057df5,george la torre elementary school
/content/fakeddit_images/99.jpg,beaver killed a tree so many more sprouted up,1,https://preview.redd.it/h6guesghga931.jpg?width=320&crop=smart&auto=webp&s=cfa9e0499c79bdb85f516fb8378a8dd3f4d2f0a5,a small tree is growing out of the ground
/content/fakeddit_images/100.jpg,ikeas flatpack refugee shelter is entering production,1,https://external-preview.redd.it/UjtynTzgyKpmdJzwvEIxHfINZKYAJPIkDM411WzP09Q.jpg?width=320&crop=smart&auto=webp&s=2864d043c37dbb7c932b20d33733a8e5ef104a3a,children play in a mud puddle near a small hut
/content/fakeddit_images/101.jpg,crafty crook in santa suit robs bank during santacon,1,https://external-preview.redd.it/zvRJtzllZfkEviiE_SuoRiagEdu4jpKYcYRNDp6aVag.jpg?width=320&crop=smart&auto=webp&s=dd3fb1997b8492c97523f927b7f3abc8774f8f55,the sfgate logo on a white background
/content/fakeddit_images/103.jpg,the backside of the lincoln memorial,1,https://preview.redd.it/tjno128aex331.jpg?width=320&crop=smart&auto=webp&s=d5c052b2e61467e5a17c250cbeda2b6d688988e8,a man in an orange jacket is standing in front of the lincoln memorial
/content/fakeddit_images/104.jpg,this crack in the stairs that looks like woody woodpecker,1,https://preview.redd.it/ixe397n1c2h31.jpg?width=320&crop=smart&auto=webp&s=516b137fd2a3047084b62f59b7091e0fb7701237,a close up of a white wall with some holes
/content/fakeddit_images/105.jpg,the sky was dabbing on me today,1,https://preview.redd.it/aloml4bv8rb31.jpg?width=320&crop=smart&auto=webp&s=0bcd3a87175ee5a4de3435078fe9e7303001d430,a view from inside a car on an empty road
/content/fakeddit_images/107.jpg,craigslist missed connection for a woman who saved this man from suicide years in the making,1,https://external-preview.redd.it/oUsFY8FnIvGBSitO8J76FKrxRyymTKhYYOzVLbCKqQ8.jpg?width=320&crop=smart&auto=webp&s=7104740ae8570321b00196730e96833c585438a9,a woman is walking down the street with an umbrella
/content/fakeddit_images/108.jpg,this snake has a mustache and a soul patch,1,https://preview.redd.it/k8ij7rh6rw131.jpg?width=320&crop=smart&auto=webp&s=824e3dd4d8b50a39097f8afed8ca05d0696a637e,an amazon echo dot on a table with a snake
/content/fakeddit_images/109.jpg,my dog likes to eat his food laying down,1,https://preview.redd.it/r57vyw2c7ms31.jpg?width=320&crop=smart&auto=webp&s=53a116b7ea537c3f4d4fb6f66da4b3295b7832af,a dog is sitting on the floor next to a box
/content/fakeddit_images/111.jpg,this slice of an orange going bad,1,https://preview.redd.it/jegycydn86w21.jpg?width=320&crop=smart&auto=webp&s=e0461e88ec11a01c0dfbea77d0865fae927145b9,a person holding an orange in their hand
/content/fakeddit_images/112.jpg,mit surprises ahmed mohamed during live interview,1,https://external-preview.redd.it/PoK6lLMy6RM0eJj41SR_jmXEwB8E8toGkxR4-f_PVhg.jpg?width=320&crop=smart&auto=webp&s=3b425a1fa851225580531e3913dd936076c36409,two people in hijab sitting next to each other
/content/fakeddit_images/113.jpg,mermaids arent real us agency affirms,1,https://external-preview.redd.it/REVIu_Cf0wVms_RJ5L6MAI52bJsNrnIGo0b4V2j58uA.jpg?width=320&crop=smart&auto=webp&s=b2200d1d9fb05a8edf6f64d5e4342dbfa7bc54ea,a statue of a mermaid sitting on a rock
/content/fakeddit_images/115.jpg,my stapler is in a very uncomfortable position,0,https://external-preview.redd.it/r4OYiGc6KkZGrr3p4JE5zCM92FJ1TrN0xrwAskeZDiA.jpg?width=320&crop=smart&auto=webp&s=a6760774dbce7b50f49bc9b816db02f01a6560ae,a red and black device with a metal clip on it
/content/fakeddit_images/116.jpg,oh my,1,https://external-preview.redd.it/SwwrX3tPHalXbDuoX7wluJLxztiGOlcq8qCuoxeBEEo.jpg?width=320&crop=smart&auto=webp&s=48daec834baa65632d323b374c691866d051616a,a group of people posing for a picture in the woods
/content/fakeddit_images/117.jpg,the effects of sun bleaching on a year old pamphlet,1,https://preview.redd.it/ypm5a7auusn31.jpg?width=320&crop=smart&auto=webp&s=a703862c68af5e43c30b7ee1971dfcc8adf47999,honda city calendar 2019
/content/fakeddit_images/118.jpg,kung fu yosemite park style,1,https://external-preview.redd.it/22gWMB6CttC_l9EeqtZ3khmFfALgZb2PTvYhInUrzqU.jpg?width=320&crop=smart&auto=webp&s=a2bb3ca9a42a92d1adb0120ce939958ffef72ccf,a man jumping in the air in front of a lake
/content/fakeddit_images/119.jpg,the japs incite koreans to spill the blood of our fellow countrymen wanpaoshan incident,0,https://preview.redd.it/j81l0cbssl511.jpg?width=320&crop=smart&auto=webp&s=e0b94b836ace3b2537d56cdea6ea4b5767be390a,a newspaper page with chinese characters and a picture of soldiers
/content/fakeddit_images/120.jpg,ripped looking cat,1,https://external-preview.redd.it/fHYb_lCfd8G6TUkyC1AAC_M7jEENhPY-_01Olee73Aw.jpg?width=320&crop=smart&auto=webp&s=897d77f1c2f4ab81e1d82824b5b47c69005585f4,a white cat standing on the counter in a bathroom
/content/fakeddit_images/123.jpg,was browsing interior design when a nightmareclownmaskfromhell reflection of the shoes gave me goosebumps,0,https://preview.redd.it/2bmhzsymjz811.jpg?width=320&crop=smart&auto=webp&s=bdbc6892cb76c26ecd7ad20b392202061c9d77ea,"a room with a table, chair, and a stereo"
/content/fakeddit_images/126.jpg,peeled off sticker looks like a donkey,0,https://preview.redd.it/nq6t6knmtuj21.jpg?width=320&crop=smart&auto=webp&s=ed46ee444fc981eeeb1fc5c8b3b9adb9cdc4a318,a piece of paper with a sticker on it
/content/fakeddit_images/127.jpg,a portrait of a dog,0,https://external-preview.redd.it/g_n-e7QolYiiVmIjI7OglCC4fCi6jKOiaYq_ZBQn4JM.jpg?width=320&crop=smart&auto=webp&s=b568494f5ac7cf27bd0c000630050bbdbb8736c5,a dog's head peeking out of a wooden door
/content/fakeddit_images/128.jpg,dueling cell phone repair shops,1,https://preview.redd.it/pj26nj8jtdn31.jpg?width=320&crop=smart&auto=webp&s=70371c15cef0f9acab88cc29cbcca62580f6bb7d,a red fire hydrant in front of a building
/content/fakeddit_images/129.jpg,travel agent booked a window seat,1,https://external-preview.redd.it/JULZkq6zTc0fWg_zYwAZ7KDnLceHZUHJRslN4JjbaCg.png?width=320&crop=smart&auto=webp&s=3ac4acad9008d54d587153dbc58db6cdf5314e52,a man sitting on a plane
/content/fakeddit_images/130.jpg,people of nagasaki th after usa nuking them colorised,0,https://preview.redd.it/djcv4a7q2fm11.png?width=216&crop=smart&auto=webp&s=6481955db688fbc044476785806f84514a4785c9,a lego turkey with a hat and a backpack
/content/fakeddit_images/131.jpg,my colleagues bag looks pretty satisfied,0,https://external-preview.redd.it/XIZgiliIzFhlWCVcttkSpB5IKWXKmot15EoMFFdyhok.jpg?width=320&crop=smart&auto=webp&s=cd0fc249cae8bdc67cf2728b26160d23439141b5,a laptop and a purse on a desk next to a window
/content/fakeddit_images/133.jpg,pitcairn allows gay marriage but no one to wed,1,https://external-preview.redd.it/kLk0t1fR0QtaJy1KH-Gptx5Da3xQqfNiwMf8h2bNmxY.jpg?width=216&crop=smart&auto=webp&s=8dc3ce3d29ef8b469e882f29d6638816aa5dd818,a view of the ocean from a hillside
/content/fakeddit_images/134.jpg,battle hot stuff via previous winner cmatthewman,1,https://external-preview.redd.it/huVdmESwHKnwaD2cjyY9ib_5_qS-Ig__1RJNDsEef1w.jpg?width=320&crop=smart&auto=webp&s=cc9d1b3c28b207dfc8fcdfe4d192dbba14c172d2,a glass mug with a handle on a white background
/content/fakeddit_images/137.jpg,cops puzzled by free dope left on roadside,1,https://external-preview.redd.it/S-zWl6KE31Aj0aQpS9GW5B98O28PmIQidBh9uBnJD04.jpg?width=320&crop=smart&auto=webp&s=a95238f3baff7b0dd974e637eeeeb533622f8a24,a homeless man sits in a chair with bags of trash
/content/fakeddit_images/138.jpg,jerusalem court acquits man after determining he is a kohen,1,https://external-preview.redd.it/RQO4cwqCQZQ4dvOmOzCm4AvD3YXAoA3LveYdpEZcVGY.jpg?width=320&crop=smart&auto=webp&s=51cce9045300c7fe29dbd3ade6dd109f0dd3907f,a sign in hebrew and english is displayed in front of a cemetery
/content/fakeddit_images/139.jpg,england world cup physio gary lewin stretchered off field after injuring himself celebrating goal,1,https://external-preview.redd.it/mOlj36yrKyJ3eO-2w24VkIkPVEbp7D3YIOjkNYRHEUA.jpg?width=320&crop=smart&auto=webp&s=54023b9a9f13b30582809eec4b2dfd660885e21e,a man is being hugged by a man on the field
/content/fakeddit_images/140.jpg,a coast from a distance,0,https://preview.redd.it/vy3buhrm8e431.jpg?width=320&crop=smart&auto=webp&s=2937390b7dbfefb6aa4ece5c3068491be6e59755,a sunset with clouds and a few street lights
/content/fakeddit_images/141.jpg,brake or break uk artwork by mendoza,0,https://preview.redd.it/dja0wkrhcpk21.jpg?width=216&crop=smart&auto=webp&s=bd263b69426b918b4f610174d9566965e81268c6,a vintage advertisement for a bicycle with the words brake or break
/content/fakeddit_images/142.jpg,seen in a wood restorers bathroom,1,https://preview.redd.it/h4emwbqu7gg31.jpg?width=320&crop=smart&auto=webp&s=54124245c24aa123b2b9835f5760d92de733b527,a picture of a man on a door knob
/content/fakeddit_images/143.jpg,flying monkey wing or godzilla,0,https://preview.redd.it/7rb7roi4gl931.jpg?width=320&crop=smart&auto=webp&s=0776a53863dd502fa9ae2fdf7a6ca7254f85f2cf,a stuffed animal sitting on top of a shelf
/content/fakeddit_images/144.jpg,antichinese soviet,0,https://external-preview.redd.it/jGBMOeSyWuN2UnG9uueJhxBMiUlUKsup6jTng1NnNIU.jpg?width=320&crop=smart&auto=webp&s=43366ae43bbcfb7bc949daf722d3f6117c75c24f,a poster with a man on a boat with a submarine
/content/fakeddit_images/145.jpg,did you know theres a talking gorilla,0,https://external-preview.redd.it/HLSdRRq0t5S2dQtuDsNe6xRbGjSMbAHGdDbUOK0MA_M.jpg?width=320&crop=smart&auto=webp&s=458823de383fe8a6732b267adf9f10adfafc4339,a woman is hugging a gorilla in front of a tree
/content/fakeddit_images/146.jpg,this overused scrub daddy,1,https://preview.redd.it/12zim8uus8t21.jpg?width=320&crop=smart&auto=webp&s=3db94f08fff34fbaa51c1a78ec2da0373e3ab7c0,a piece of food that looks like a face sitting in a sink
/content/fakeddit_images/147.jpg,this houseboat with a pink flamingo in the yard,1,https://preview.redd.it/qfeh6118g0k31.jpg?width=320&crop=smart&auto=webp&s=c8210588c7e372c35805d62c90dc8dd6687ace2e,a houseboat on the water with a dock
/content/fakeddit_images/148.jpg,a leaf fell perfectly in the wet cement,1,https://preview.redd.it/70y4l9yhcsc31.jpg?width=320&crop=smart&auto=webp&s=50a533b4d95d3aa580830c7441cc0aa3b68ce949,a leaf on the sidewalk
/content/fakeddit_images/149.jpg,selenophene horrid grind,0,https://preview.redd.it/r4847p5i34h11.jpg?width=320&crop=smart&auto=webp&s=27fd3021435ea124db7bd294ef59ccca102eaaab,a purple and white background with the words selenophene horror grind
/content/fakeddit_images/151.jpg,our emergency medical centre employs the finn scale now,1,https://preview.redd.it/lnc4vyltl5y21.jpg?width=320&crop=smart&auto=webp&s=9ef01bda36429c7a5b30fde86a3dfc44666a505f,a sign on a counter with a cup of tissues and a sign that says pain scales
/content/fakeddit_images/152.jpg,strangers living a mile apart in fishers discover theyre sisters from als patient fundraiser page,1,https://external-preview.redd.it/25FNGsHgpXbiMsZrBxb864WnzoNeDafxGzlw98faAmQ.jpg?width=320&crop=smart&auto=webp&s=590e307aeff0a5bbd8c2b36ede9666e88767a692,two women sitting on a couch looking at a photo
/content/fakeddit_images/153.jpg,the compost pail and paper towel rack teamed up to brighten your day,0,https://preview.redd.it/8eehjrpp3nl31.jpg?width=320&crop=smart&auto=webp&s=6b085f67cc7b9240fca29e2a48f231805056a773,a metal bucket on a counter top
/content/fakeddit_images/155.jpg,trump float enters parade,0,https://external-preview.redd.it/erZwm_CMfQAMnFS3mYqG496y7yMeHxryqBZ6U3s4gI4.jpg?width=108&crop=smart&auto=webp&s=41ea86232037c64a68ef6a6ed9d57441ed920472,donald trump is pictured at a press conference
/content/fakeddit_images/156.jpg,seattle man builds active labor notification app for the giraffe,1,https://external-preview.redd.it/B3PXHjvBiSFRK3Pz6Df9_ohOdElzCWY5ZwvluXH668E.jpg?width=320&crop=smart&auto=webp&s=81a46dd1d28e9c8006c31b2a585b3e9b1e661bbc,a giraffe is sitting in a pen inside of a building
/content/fakeddit_images/157.jpg,this happy wee chap,0,https://external-preview.redd.it/GXC2gmxDEc2TN5bMueUEWG7JQxn4_sXC1gS4NAPueoY.jpg?width=320&crop=smart&auto=webp&s=156b9675ac449c3d1cc343e29425c8929834863b,a white plastic plate with holes in it
/content/fakeddit_images/158.jpg,my friend can do this with every other finger too,1,https://preview.redd.it/rnpp5lbkz6231.jpg?width=320&crop=smart&auto=webp&s=94e4e180dcb9b9d6a41a019a75cba91c94e8e0c9,a person is holding up their hand to show off their fingers
/content/fakeddit_images/159.jpg,this japanese restaurant has a paper holder for your chopsticks,1,https://external-preview.redd.it/enlHPTM-kcVCB-pS4K8ruazSGDT1Wh1bNtrwzg4c8Vo.jpg?width=320&crop=smart&auto=webp&s=e424ccf04ac70ab30a5d279aafc26c5ffcc02ad0,a wooden chopstick on a table with a cup of tea
/content/fakeddit_images/160.jpg,when i turns into e,1,https://preview.redd.it/a1z366txptz21.png?width=320&crop=smart&auto=webp&s=690990bfeecf9aae7cd844b2977614b1c7a94a57,dictionary for word dis patch
/content/fakeddit_images/161.jpg,cranberry harvester in plymouth ma,1,https://preview.redd.it/a6o2x45ioit31.jpg?width=320&crop=smart&auto=webp&s=3b7e3823883fb3d17b3f72f1e2801846a19c7e59,a tractor is harvesting cranberries in a field
/content/fakeddit_images/162.jpg,toad wearing a pimp hat,1,https://external-preview.redd.it/E7Vb5LHZNBEdaghRqDG9XglApGwVJW_pHfgUs9JshoQ.jpg?width=320&crop=smart&auto=webp&s=37dadcf43be1c1a06fa610f7bba94755c4b6c54c,a toad wearing a pink hat and feather
/content/fakeddit_images/163.jpg,a security officer about to invent the dab,0,https://preview.redd.it/3mt4yf0zhhk31.jpg?width=320&crop=smart&auto=webp&s=da6c677115337aa7ab34231fc9cefabe3b066ebb,a man in a white shirt is bending over a table
/content/fakeddit_images/164.jpg,dermatologist devastated by unbreakable kimmy schmidt parody commits suicide,1,https://external-preview.redd.it/UTpcdHN7fAwdZGTpUYso6e278sBIy-cOSLyCwxfTRcc.jpg?width=320&crop=smart&auto=webp&s=0c94994c9b8c7f0eba035968e2b1f06704be7d06,a man in a white coat talking to a woman
/content/fakeddit_images/165.jpg,gir riding a pig,1,https://external-preview.redd.it/BKBuwBvrp5jQcKpRzqNTjlyu8dEgWO2OGdenAZgca7s.jpg?width=320&crop=smart&auto=webp&s=ebe284bb01afc9dde207abc198335db09f4e0959,a cartoon pig flying in the sky with a green alien on top
/content/fakeddit_images/166.jpg,will smith at the set of bad boys,0,https://external-preview.redd.it/iQJU01KGKZFNZ4aGAi2f-VzMDM4mI-2hUs4p9SKo1b4.jpg?width=108&crop=smart&auto=webp&s=c39014eca117f84cad1a05a387706d7ec2e4896f,a man in a white tank top is looking at something
/content/fakeddit_images/167.jpg,tuna sushi rat,0,https://external-preview.redd.it/ygDjawFIjEZuJ1JDzR1leJKOtey6vtc5TYzmCSWeeoc.jpg?width=320&crop=smart&auto=webp&s=67acc167f684dd55c89d7778c2066846b8f3581b,"armadillos are cute, but they're also deadly"
/content/fakeddit_images/169.jpg,marilyn manson mourned on twitter confusing him for dead mass murderer charles,1,https://external-preview.redd.it/hmNU0F5ww86YXW292RLe48vV-EZX07t3ABPfpRSlF3E.jpg?width=320&crop=smart&auto=webp&s=98fe92a220af983a818e56596d3c693503a808b6,a woman with a knife in her hand singing into a microphone
/content/fakeddit_images/170.jpg,antivax lunacy melanies marvelous measles gets trounced on amazon reviews,1,https://external-preview.redd.it/OT-ymHWrXwgN90jELXHNkH-KfOHYZnSS-qWnnIvMLdA.jpg?width=320&crop=smart&auto=webp&s=50c3bf113b6e1bace2416fd4bfae6216367eb1d7,melanie's marvelous measles
/content/fakeddit_images/171.jpg,uci fellow chemists find a way to unboil eggs,1,https://external-preview.redd.it/1p_7QDUnlIlVPXot5OweIs6Fh731J3cBlGZz2dFnzV0.jpg?width=216&crop=smart&auto=webp&s=663f5411d4bbfa5f68174b40a91f181a31614ae4,two men standing in front of a large window
/content/fakeddit_images/173.jpg,a guy on a bicycle,1,https://preview.redd.it/wb1fzlyqkzo11.jpg?width=320&crop=smart&auto=webp&s=529ea40608ef9b5f582f16463d39b1a347119cc3,a man dressed in striped clothes riding a bike
/content/fakeddit_images/174.jpg,and then the whole class laugh girl accidentally orders a small child spilling a slushie and remembers word for lamb,0,https://external-preview.redd.it/G7VE8NHEetsmODGVSWEARg0JIqi_croiDypAK4Balf0.jpg?width=320&crop=smart&auto=webp&s=0c1a28a9278228e7983a81967dabb6c569f2cb20,a screenshot of a text message from a woman to a man
/content/fakeddit_images/176.jpg,where is that mans other hand,0,https://external-preview.redd.it/PRMn3nO2JyDYdanwhHv6irMX-qTR9QXqToITGpBg-fc.jpg?width=320&crop=smart&auto=webp&s=95775ccb0a2602b6053f22d88f93a31efb647c1e,a man is standing next to a tire with a black rim
/content/fakeddit_images/178.jpg,my boy climbing an old rotten tree stump looks like a giant climbing mountains,0,https://external-preview.redd.it/_guBM-CEkIwLm0pxltEjVEtekdNASacOG9RtQKW6dqY.jpg?width=320&crop=smart&auto=webp&s=3d18fbf2ccfc2e84698112be5b7fc3514084510b,a man is standing on top of a tree stump
/content/fakeddit_images/179.jpg,lemur taking a selfie,1,https://external-preview.redd.it/CvWdaMSDIKFQU1Ozk9o8DXh4bMgh9WFBqcIHujzrXIU.jpg?width=320&crop=smart&auto=webp&s=626470117fa02b55025553eda45adc7813ee42b6,a lemur is standing on its hind legs and reaching up
/content/fakeddit_images/180.jpg,whats killing white middleaged american women,0,https://external-preview.redd.it/7jr2GDZ4i19iiAlbc_i8ecP8PcQynNPwDgPhWvV-kEQ.jpg?width=320&crop=smart&auto=webp&s=19559c50177e0420da04fe39042228fbc46b9280,a grave with flowers and an american flag
/content/fakeddit_images/181.jpg,a woman tracked down the sheikh who saved her grandfather and gave him a home,1,https://external-preview.redd.it/fDqMvrlKl2GW6xaD5Wq5NEH_IrqOxW_lV3pF6njTAbo.jpg?width=320&crop=smart&auto=webp&s=ab7d3383e6ba1b2b9f56caae871c3317fac9485d,two men in traditional clothing walking through a desert area
/content/fakeddit_images/182.jpg,dropped my chocolate ice cream on the floor,0,https://external-preview.redd.it/996j02LsZqASg1x90B4jQoc7qQ_A0ZogYYBh_1zStdU.jpg?width=320&crop=smart&auto=webp&s=b0a11a70b8d1802d9306c212cf333540b7c44f2d,an aerial view of a field with a hole in it
/content/fakeddit_images/183.jpg,budapest,1,https://external-preview.redd.it/80xO1cHeu_HOxigl3qX6iO1X0pXmjD2MEwMWyGX7Cyo.jpg?width=320&crop=smart&auto=webp&s=113859c1fd9fa04762e82d2c11c66375f920849c,"the chain bridge in budapest, hungary"
/content/fakeddit_images/186.jpg,little girl asks is santa real after disappointing grotto visit,1,https://external-preview.redd.it/iKmY80IW4G6dMQm6Js-TmEyeakHhFOqfQATPTv43w_k.jpg?width=320&crop=smart&auto=webp&s=4a5446e379f3ef0291519beebe0b479c9a0b1d48,a woman is looking at a display of snowmen and penguins
/content/fakeddit_images/187.jpg,stop jumping from windows into snow boston mayor says,1,https://external-preview.redd.it/s9TtgO3OunNQmcAHPAgFbuQjpAE35Hwv4qHB1SJL3Sw.jpg?width=320&crop=smart&auto=webp&s=545889326d614b5a6482aaf585ae0f7c37a84a11,a snow shovel is buried in the snow
/content/fakeddit_images/190.jpg,caveman bison painting,0,https://external-preview.redd.it/o1aXiiixnDq8ZXh98kl5dUyM6anfDIj7e5EldjfreHA.jpg?width=320&crop=smart&auto=webp&s=7486999487a147eccc6f26e4c8ff1ce40cf2640e,a concrete mixer is being used to mix concrete
/content/fakeddit_images/191.jpg,the placement of this snoop dog wax figure,1,https://external-preview.redd.it/vYlVS1kYUWHVwRXoDYkYuGtoMC65xb6_FZN5SXPv7mY.jpg?width=320&crop=smart&auto=webp&s=05b190b359d90580ba7c9cf8090349675a00d345,a man and woman in a kitchen
/content/fakeddit_images/192.jpg,a hidden dining patio in asheville nc,1,https://preview.redd.it/neuevfyo3fl11.jpg?width=320&crop=smart&auto=webp&s=503e2ecb6d9901798d2ed6dc0e1c3d2657fc4192,a metal staircase leading to a patio area
/content/fakeddit_images/193.jpg,we shall soon have storm troopers in america american wwii poster,0,https://external-preview.redd.it/8KTuGyQ1zyx282Pidp-2t5gSJVabs1VtYLaAbSTLi6g.jpg?width=320&crop=smart&auto=webp&s=fe49cbd460e0d259ec57b68ceeaa183bcb27eacd,hitler's stormtroopers in america
/content/fakeddit_images/195.jpg,an american soldier prepares to charge a viet cong position,0,https://preview.redd.it/camlvewsk3a31.png?width=320&crop=smart&auto=webp&s=15313d4faba39ab9ebfcb98260c7f31643cd8bb7,pokemon character holding a gun in the woods
/content/fakeddit_images/196.jpg,this red sunset,1,https://preview.redd.it/1b6hu7tk4dt31.jpg?width=320&crop=smart&auto=webp&s=2ac361842bc614a0a20d13c346b7f81e046335a8,the sun sets behind a beach and trees
/content/fakeddit_images/197.jpg,pigeons feeding,1,https://external-preview.redd.it/h14f_9jvbusnvAgMRjSUwl32b9x7Zo-u46xEZ5ohbgo.jpg?width=320&crop=smart&auto=webp&s=4ac9b25427616ab75f51907440ca5f705e775b05,pigeons are standing on the ground near a tree
/content/fakeddit_images/198.jpg,these stoves have seen some shit,0,https://preview.redd.it/tfjn9ipqzy811.jpg?width=320&crop=smart&auto=webp&s=d0a019ee4f027dfbbba9a5edb344825671b471f6,two ovens in a kitchen with wood cabinets
/content/fakeddit_images/199.jpg,the way the water flows in my sink makes it look like a smiley face,1,https://preview.redd.it/t18sn6wvs8a31.jpg?width=320&crop=smart&auto=webp&s=0754f39a96541f629ed84570b9cde1e2d9c21f54,a close up of a sink with water running down the drain
/content/fakeddit_images/201.jpg,pope francis tells president obama a joke,1,https://external-preview.redd.it/-wgZok0C4uil3cMtkRUm3NAxUtTp3rNYrfX5VgbOjm8.jpg?width=320&crop=smart&auto=webp&s=3293d635b044a8b5fb358853b0c9aa11ee4dd67e,president obama and pope benedict
/content/fakeddit_images/202.jpg,you please ramen noodle package you eat,0,https://external-preview.redd.it/u16DL3KlSVlQM2rX1nhD6jsTIWkZIgz_U7Lravl6MSU.jpg?width=320&crop=smart&auto=webp&s=ce09b8bcf94f49f47ba9e782edfbdda5d1deda59,a person holding a box of instant noodles
/content/fakeddit_images/204.jpg,lonely bear sitting at picnic table,1,https://external-preview.redd.it/Wxz5DRzjD8ars9DXKzr7v6z_316khYH0DyIpx5zmyz4.png?width=320&crop=smart&auto=webp&s=cc0cd560e56970ca124623bad353bfec8afc1a55,a bear sitting on a picnic table
/content/fakeddit_images/205.jpg,years old me having just caught my cat,1,https://external-preview.redd.it/VEzQd-Uw8FWiFbSLH-kewQa7Shm1w-OzpcB03io_2n4.jpg?width=320&crop=smart&auto=webp&s=be5d47b67c0a0ea2f6a5ca9dce50e7ce830f27fe,a young boy standing on a porch holding a fishing pole
/content/fakeddit_images/207.jpg,these tiny precision machined security screws,1,https://preview.redd.it/4udokgmhzfq31.jpg?width=320&crop=smart&auto=webp&s=ac0c7af96e908d2f407edf759def56f7366e0533,a small screw sitting on top of a wooden table
/content/fakeddit_images/209.jpg,clean floors by day fight crime at night,0,https://external-preview.redd.it/dVZXIZIitFMFibZijv1kx5HsW1EBy7dAZczD7lpPTGU.jpg?width=320&crop=smart&auto=webp&s=6958d94a15ec9d99800a671a334b91821bf2fdd9,a mop sitting on top of a tool rack
/content/fakeddit_images/210.jpg,police catch suspects in robbery by following a trail of spilled cash,1,https://external-preview.redd.it/BX-yfJRPG9kQLVq7NCtDY0rMkcxiPdAOP9UIsMJxd48.jpg?width=320&crop=smart&auto=webp&s=c9bac5b4b158b804b5ccb6209ef10930e629748c,the news and observer logo
/content/fakeddit_images/211.jpg,how this person signs their mail,1,https://preview.redd.it/uvh7kep3dkn31.jpg?width=320&crop=smart&auto=webp&s=e477c109cb7a73257001757ab53f6c604fbedbee,briton burrito she her
/content/fakeddit_images/212.jpg,wheeeeeee tail end of a jet,0,https://preview.redd.it/9y8tnx7x51201.jpg?width=320&crop=smart&auto=webp&s=53fc0d6e2142e5e23c530b6c6412112a2b49aacc,the tail of a jet airplane on a foggy day
/content/fakeddit_images/213.jpg,red moscow the heart of the world proletarian revolution ussr,0,https://preview.redd.it/9t41nwi7d7d31.jpg?width=320&crop=smart&auto=webp&s=bc710c4f59092867376763fbc2660683b6657758,a poster with the words russian revolution
/content/fakeddit_images/214.jpg,my dad in vietnam in didnt know this photo existed until i came across it randomly on the internet he cried when he saw it hope this is the right place to post it,0,https://preview.redd.it/bzb4e3gxnwj01.png?width=216&crop=smart&auto=webp&s=01915516f592738fb5c600f30e8eb84f10cc7b9e,a man is holding a rifle while sitting on the ground next to a monkey
/content/fakeddit_images/215.jpg,donald trump reading the tweets about him at am,0,https://preview.redd.it/fia6j767a5k01.png?width=320&crop=smart&auto=webp&s=4ad7d327aa40edf4cc12883b27ee309f73ec9608,a man reading a newspaper in a room
/content/fakeddit_images/216.jpg,walking boot plant pots,1,https://preview.redd.it/3hhbbckygot21.jpg?width=320&crop=smart&auto=webp&s=fb7f4e015bb1125914f3ff7691979e7b09f860a2,a garden with many plants and plants in boots
/content/fakeddit_images/217.jpg,shell knew oil giants film warned of climate change danger,1,https://external-preview.redd.it/_TXXwycuIpDLJio7ZG74dACSpF0dCvgMUgYSC1LvvL0.jpg?width=320&crop=smart&auto=webp&s=f0b84ac4a8963e485c19f95c895b6d0099e274ee,shell's $1bn fine for oil spill in bahamas is a warning to other oil majors
/content/fakeddit_images/218.jpg,the way they fix an escalator,1,https://preview.redd.it/z6ogchotm5031.jpg?width=320&crop=smart&auto=webp&s=574d03103253d99e43396b8c2137c41524e065cc,a man is standing on the escalator in a mall
/content/fakeddit_images/219.jpg,god just started playing minecraft in the middle of this city,1,https://preview.redd.it/pyoht5y7dli31.jpg?width=320&crop=smart&auto=webp&s=17659ef9ef67fa121c0463d65d4b1ef8e7546b23,a city skyline with tall buildings and a large building
/content/fakeddit_images/220.jpg,poles donate record amounts of szlachetna paczka care packages,1,https://external-preview.redd.it/1rQWESqqkGG0faOGbQO-9_GHndUWBOsanHKwCGNvlwY.jpg?width=320&crop=smart&auto=webp&s=908a2271512103063af559991e2a4a288e78fcd5,a little girl in a santa hat is opening a gift
/content/fakeddit_images/221.jpg,a beautiful rock i found years ago natural polish,1,https://preview.redd.it/otbs6szx9po21.jpg?width=320&crop=smart&auto=webp&s=5cf628a6c696b2f8bee7a3aac03f6e7c68d488d4,a person holding a rock with a black and white pattern
/content/fakeddit_images/222.jpg,disabled but active vietnam veteran gets allterrain wheelchair,1,https://external-preview.redd.it/M92s8UDkTHWLS6RWuz3kYaJhBA0ptOsPv2BHG_lIE24.jpg?width=320&crop=smart&auto=webp&s=2119a8685ab8c20bb0778f3c6ddea99c808d588d,two people standing in front of a news set
/content/fakeddit_images/223.jpg,angry lion is very angry,1,https://external-preview.redd.it/EABvSBn8Mfk21se1H3IFREpGji23dfOiOk2n_vrO8Yg.jpg?width=320&crop=smart&auto=webp&s=44eb86df8dcac85d573549e9de56d5e6d57b0828,a lion is walking through the grass in the wild
/content/fakeddit_images/224.jpg,cake slice looking a little smug,0,https://external-preview.redd.it/NkmuH2RdNezaqGBPksYkB9IVazxRRxJS75kdylZClLc.jpg?width=320&crop=smart&auto=webp&s=aa647ac19f685c13e82495721d2cbd5b682a857b,a slice of chocolate cake on a plate
/content/fakeddit_images/225.jpg,my dom nsfw,0,https://external-preview.redd.it/N5dbbbo3nx7uwnxvgVeNZggJAp3AUD8PTTK-nO_sXyw.jpg?width=320&crop=smart&auto=webp&s=b66ae969cb8f31e85091d4ee0b5da57f929d7325,a woman is standing in front of microphones
/content/fakeddit_images/226.jpg,mccain palin would do great as presidential candidate,1,https://external-preview.redd.it/jyVqfIPG4_Ae6mXEWd4LR1KDBYOaMMnNopNKUPMUw-8.jpg?width=320&crop=smart&auto=webp&s=6ef45ca247f6d39042fa6181e1092ce278a95491,the washington post's new logo
/content/fakeddit_images/228.jpg,marxists,0,https://preview.redd.it/lx1vlo71m1p21.jpg?width=320&crop=smart&auto=webp&s=08619b50407a09f0d80e17650fe636e99f889637,united workers are never defected
/content/fakeddit_images/230.jpg,the lavatory sign icons on this hawaiian airlines plane are wearing an aloha shirt and dress,1,https://external-preview.redd.it/dpPqrCpP9BFn4seJbJrc13q-vuxz7mfZLIQuFC3Heuo.jpg?width=320&crop=smart&auto=webp&s=8c5e98f939002bffd7cec5476f8ba7e6cb844286,a green glow sign with a man and woman
/content/fakeddit_images/231.jpg,signs,0,https://preview.redd.it/jkj075nieba11.gif?width=320&crop=smart&format=png8&s=4a0ff7b57c0bba029e5fa3b57f39e0abe562563c,donkey kong country 2
/content/fakeddit_images/232.jpg,parking meter mechanic sentenced for stealing in quarters,1,https://external-preview.redd.it/zdUs90OMIWjzmcMjdy2R55prH_mU5goL9VdCIGgfq4E.jpg?width=320&crop=smart&auto=webp&s=76d0caf1ba6821281c8a8c55745d312c39ef4ddf,a man sitting in the driver's seat of a car with a cell phone
/content/fakeddit_images/234.jpg,deputies deltona man hurls chair at grandma in spat over dirty shoes,1,https://external-preview.redd.it/Xi7WksR586-CwJ5en7MJafMV8iL5LBis4c8O3VE9NAs.jpg?width=320&crop=smart&auto=webp&s=07aad6463d2cd9270d9b4bf8796d76ab82e5de4c,a man with no shirt on is shown in this mug shot
/content/fakeddit_images/235.jpg,sorry i lied so much,0,https://external-preview.redd.it/PBnRslTKo7LtKu9mKhowE0KMXBKnt6-2aWU-56FGvXo.jpg?width=320&crop=smart&auto=webp&s=72269280a7f111b2d3961a66682e015387d42843,a computer mouse and keyboard on a desk
/content/fakeddit_images/236.jpg,anticommunim is my duty lets protect it with my own power south korea s,0,https://external-preview.redd.it/O_czo_12XyzOfNYbEu3vMphfTm42zeCbPN_jdeY12BM.jpg?width=320&crop=smart&auto=webp&s=6681affb6cc3b50a3396780dd770b095618edac5,"a poster with the words ""the north korean people's war"""
/content/fakeddit_images/237.jpg,germanys bibiana steinhaus amped to kick off first bundesliga match making her the first female football ref in one of the european top leagues,1,https://external-preview.redd.it/KaIcU4Yvow-7kKAgk3h48DWOUJpqf5kll_UIlJUZJJU.jpg?width=320&crop=smart&auto=webp&s=d545dda05b93571800312f4c7a37185f78a21a6e,two soccer players are talking to a referee
/content/fakeddit_images/238.jpg,british nurse and ebola survivor talks about his return to sierra leone what courage looks like today,1,https://external-preview.redd.it/bCU06Ap_dqNRnt6JwBI2r2LUz_V02Ex33rhx3IScxGU.jpg?width=320&crop=smart&auto=webp&s=7c809ddf56d509c5720d6a074ce546120c5db46f,a man in glasses is talking to the camera
/content/fakeddit_images/240.jpg,boise parks and rec to employ the homeless,1,https://external-preview.redd.it/pM-zpj7zb34SWIDm3Xv0733t-YSC55gP5D4RjeDKWr4.jpg?width=320&crop=smart&auto=webp&s=f2107098b0cfb56307cf7d1d3ab98bd985bd3cc1,a group of people sitting at a table with papers
/content/fakeddit_images/241.jpg,pretty serious about recycling,0,https://preview.redd.it/akmriv7u53k11.jpg?width=320&crop=smart&auto=webp&s=1d361dda9d2c3f58acec7067405adfd353879906,a blue trash can with a lid on it
/content/fakeddit_images/244.jpg,uks says ready to curb human rights laws to fight extremism,1,https://external-preview.redd.it/dGBuoLZrlhraAtq0Ybf0LsKarKoM_PnvbVTJpVbvehQ.jpg?width=320&crop=smart&auto=webp&s=b7313a26e4a64c1953b8e2da07038d80c972abf6,theresa may drinking coffee at her desk
/content/fakeddit_images/247.jpg,two of the exact same car stopped next to each other,1,https://preview.redd.it/05h0esnkzjj11.jpg?width=320&crop=smart&auto=webp&s=bdd06470b1d7f9476ebea1a0a4689b5d0cf1d8aa,a street sign is seen in the background
/content/fakeddit_images/248.jpg,evil laughter,0,https://external-preview.redd.it/S1gPbW1PErf2TmsFWdNoJrtWBuuMCrzVHyRAbAGxCRQ.jpg?width=320&crop=smart&auto=webp&s=40295e6f408ef6852fed4678e1c3bf0d18debc7b,a broken window with a smiley face on it
/content/fakeddit_images/251.jpg,a corncob pipe owned by my great grandpa,1,https://preview.redd.it/2fcd53kul6u21.jpg?width=320&crop=smart&auto=webp&s=2eda0e9e1d09779363889d5d456478b6cf7c8ca3,vintage vintage vintage vintage vintage vintage vintage vintage vintage vintage vintage vintage vintage vintage vintage vintage vintage vintage vintage vintage vintage vintage vintage vintage vintage vintage vintage vintage vintage vintage vintage vintage vintage vintage vintage vintage vintage vintage vintage vintage vintage vintage vintage vintage vintage vintage vintage vintage vintage
/content/fakeddit_images/252.jpg,a push pin held to an earbud by the small magnet in it,1,https://preview.redd.it/2zwagi85gdn31.jpg?width=320&crop=smart&auto=webp&s=036851b3249a0dd086daf4f4f6ff38e1154c42d3,a person holding a small white object
/content/fakeddit_images/255.jpg,my ice cream tub lid looks like a nine,1,https://preview.redd.it/o4bnjz59gt231.jpg?width=320&crop=smart&auto=webp&s=5f81cf0826d43f4cda0b6228b2fd0a149024fff2,a red tray with a circular shape on it
/content/fakeddit_images/258.jpg,roomneoderm clinic hong kong,1,https://external-preview.redd.it/ESPM-tTuK3werLgfWG_wBsw_trUSDNU4bI5s2jVRAgQ.png?width=108&crop=smart&auto=webp&s=6bdf4d9c8ec6b3100f803c1cf0848f49a5aee344,person's face on a black background
/content/fakeddit_images/259.jpg,redditor is fed up with my son,0,https://external-preview.redd.it/swvw5xih_y6_lO2al8DstT3L_TfQcnK2rsnFtoKmf68.jpg?width=320&crop=smart&auto=webp&s=dbe1327ba837e086055c0be8e9d2edef0fddbfac,a man is using a snow shovel to clear the snow
/content/fakeddit_images/260.jpg,my friend in her marching band days,1,https://external-preview.redd.it/ESPM-tTuK3werLgfWG_wBsw_trUSDNU4bI5s2jVRAgQ.png?width=108&crop=smart&auto=webp&s=6bdf4d9c8ec6b3100f803c1cf0848f49a5aee344,person's face on a black background
/content/fakeddit_images/262.jpg,this black horse,1,https://external-preview.redd.it/rJ2MTy60M4iY5Gl7z2Le_385E05QDfEFR2LxopuUyok.jpg?width=320&crop=smart&auto=webp&s=a63865571e431ceb9ed5845d9d92d97afb2d8309,a horse is jumping in the air on a black background
/content/fakeddit_images/263.jpg,a floating island,0,https://preview.redd.it/7awpwheccnt21.jpg?width=320&crop=smart&auto=webp&s=35b0cf60e953827fbb2b7a4fc9be941c22f93466,a small island in the middle of the ocean
/content/fakeddit_images/264.jpg,a man in need inspires wlex reporter to donate kidney to stranger,1,https://external-preview.redd.it/UGdUCK_nNqeFCZMYrcP9wi-cNyJp9qAZYsZ8_PWR27g.jpg?width=320&crop=smart&auto=webp&s=5d41c03d296f6429549c8dfee9bbd06751782ed9,a woman standing in front of a news desk
/content/fakeddit_images/265.jpg,auron and eponine displaying their unique approaches to getting heaps of cat snuggles while visiting family over christmas,0,https://preview.redd.it/udnhnj4nxmqz.jpg?width=320&crop=smart&auto=webp&s=e067b8a8da5d763ff9e678ea894bee5c1569a167,a cat sitting on a bed with a pillow
/content/fakeddit_images/266.jpg,found a smoothly ushaped piece of spaghetti,1,https://preview.redd.it/t31bw61eqvn21.jpg?width=320&crop=smart&auto=webp&s=365bfd3356f468d56256eca6314e4a1d24c21544,a package of spaghetti and a wooden spoon
/content/fakeddit_images/268.jpg,these potatoes have been cut to look like puzzle pieces,1,https://external-preview.redd.it/B0MuDsUqTGDTDao3KCnb62z8EyfDYhwyuJVkVVo-Bck.jpg?width=320&crop=smart&auto=webp&s=881d3464c0312863e956ce00c4ed8b398ec53dfb,a plate with a fish and broccoli on it
/content/fakeddit_images/269.jpg,riva chosen by the people x,0,https://external-preview.redd.it/bP1UIuktzDSUcuvfcx9j6bTP5cmO7duEneEHiOrwgVU.jpg?width=320&crop=smart&auto=webp&s=67c4a0e5f6116c728b5640aab27a8c01ab1be710,the cover of a book with the words 'crush by the people '
/content/fakeddit_images/270.jpg,flehming ram,1,https://external-preview.redd.it/1QXC49__XuoN7HtSs-ZpQrP2RA0lv_bpz7PumPV14lE.png?width=320&crop=smart&auto=webp&s=40dd5dd4f7fa532d519ad16283a3bee6c842ea4b,a ram standing in the dirt
/content/fakeddit_images/272.jpg,my new shirt is cotton,1,https://preview.redd.it/pcuz9yhrq3m31.jpg?width=320&crop=smart&auto=webp&s=42235f72c9734a7c48409fcb18f9c6dd0ffbd76c,a shirt with the words 100 % cotton on it
/content/fakeddit_images/273.jpg,nintendo switch cowmilking game,1,https://external-preview.redd.it/vfczLkVEhaFeBP_qrBMnXI12Xbb7wq-H2Z5LSb2MmfM.jpg?width=320&crop=smart&auto=webp&s=e7e7ed5d60ebde5060490ad527585e5da7164dcd,two people sitting on a bench with a green wall
/content/fakeddit_images/274.jpg,chief judge says he and his colleagues discarded arrest warrants issued over five years for qualityoflife crimes like sleeping on the sidewalk because it made no sense to lock people up for fines they couldnt afford,1,https://external-preview.redd.it/RnoYzs3reYcOjNFmAIxKD8aRlOF0JQHMawb5oIkjPrc.jpg?width=320&crop=smart&auto=webp&s=644f7bfe2b39cc065d40cce7ea6f2bb3e0d64dc0,a judge's gavel on a table with books and a gavel
/content/fakeddit_images/277.jpg,pesky seagull causes ninecar pileup on busy turkish motorway,1,https://external-preview.redd.it/WQZUc7uo8clvHVQYVZd9p9mAaw1y2gL6V_c-aeC46dw.jpg?width=320&crop=smart&auto=webp&s=24147596cfae294edbcca59577d3ef6d042b8e6f,a view of a busy highway with cars and trucks
/content/fakeddit_images/278.jpg,avengers infinity war,0,https://preview.redd.it/hzvhmtqaa4v01.png?width=320&crop=smart&auto=webp&s=b367f410e947789543fbb3b6ee8b9f2d474bbc35,a colorful windows logo with squares
/content/fakeddit_images/279.jpg,beautiful red cat,1,https://preview.redd.it/ocz6vdct29wx.jpg?width=320&crop=smart&auto=webp&s=035afecc794321280398e31a27aafb8171b99ea8,a close up of a cat with a big head
/content/fakeddit_images/280.jpg,american pow being guarded by a high ranking official,0,https://preview.redd.it/c6nynq1nrno11.jpg?width=320&crop=smart&auto=webp&s=3022ade59d7a1edac7b1fdfa03da3252877fa2f6,a cat is sitting on top of a box
/content/fakeddit_images/281.jpg,this door at a norwegian hotel has a mark that looks like norway,1,https://preview.redd.it/qhz7qoc91hq21.jpg?width=320&crop=smart&auto=webp&s=84cf6c1586126f5575631fa476a34fb7113314bf,a small piece of paper is stuck to the wall
/content/fakeddit_images/283.jpg,my grandads vintage poker dice,1,https://preview.redd.it/l9eybd4n4tx21.jpg?width=320&crop=smart&auto=webp&s=6fafd2b0546d81238ca257e38d92a7cf299542ca,a game of dice and a piece of paper on a table
/content/fakeddit_images/284.jpg,this scared speaker,0,https://preview.redd.it/nei7pvg8tpk01.jpg?width=320&crop=smart&auto=webp&s=dda95e409926fba53e21cf5ebdb08efab90650c4,a speaker with two speakers and a red and black case
/content/fakeddit_images/285.jpg,speed racer v,0,https://external-preview.redd.it/EXrYP1oRUZaNjMFc2oqE55S9l_SoZ9dLoypyeKYeqeM.png?width=320&crop=smart&format=pjpg&auto=webp&s=355410f4e4a3960a8b5fdf3e71f5a9b11de23af0,a man is riding a motorcycle with his hands up
/content/fakeddit_images/286.jpg,my ladder was pretty surprised i was so high up,0,https://external-preview.redd.it/cb_mh5XNh67CL3gTWNVw_kt_eMc_OIZ2dERPkAKhIew.jpg?width=320&crop=smart&auto=webp&s=c0985b0b5a57342798d4d097231e145b8fb4dc02,a blue plastic tray with a hole in it
/content/fakeddit_images/287.jpg,katy perry singing with a parrot in the jungle,1,https://external-preview.redd.it/bg3BXWvQDdEWwP8AvLiNK5X1A2t81bgrf2xkjQT-wu4.jpg?width=320&crop=smart&auto=webp&s=2d36586d58052565a341e84e8d0005f34a174206,a woman in a bikini holding a parrot
/content/fakeddit_images/288.jpg,las vegas breaking news for gun shots reported unlv campus near psb stay inside secure doors emergency personnel responding,1,https://external-preview.redd.it/ZAgqvrRmKSQRJ54myBscRZSWmsQORv7y5EEvKWCjjpg.jpg?width=320&crop=smart&auto=webp&s=839904491a2330f471e961f71e2f12d2540e7e2d,breaking news sign with red letters
/content/fakeddit_images/289.jpg,this sad guy was looking at me,0,https://external-preview.redd.it/zihyiLbzi7EktHgMLn5Szj8Bn08-B5lkF0AgbADk-8c.jpg?width=320&crop=smart&auto=webp&s=36fc371d6a5a5c87284e255442b96cf75be08eed,a person holding a usb cable with a face on it
/content/fakeddit_images/290.jpg,czechs realising their fade after anschluss,0,https://preview.redd.it/hp7pupj2jj001.jpg?width=320&crop=smart&auto=webp&s=f4425b5ddae200641a89bc8afc6c353f5057b617,a dog and a cat are sitting together
/content/fakeddit_images/292.jpg,nanaimo homeless man returns diamond ring to grateful owner,1,https://external-preview.redd.it/Uc085iL0rb9XPCI2I6Aq3vTpkUDg5drl59BHahkZ0Hk.jpg?width=320&crop=smart&auto=webp&s=3c406c4de2efd5ba99d33c4c02a2de5ce034a800,a man hugging a woman in front of a car
/content/fakeddit_images/293.jpg,funding boost means new koala homes among the gum trees,1,https://external-preview.redd.it/zg4G4O7QEJesEBCjf-E2pU3-xgqpg3z7xECqXlCPWDM.jpg?width=320&crop=smart&auto=webp&s=076d14e736cac77ef9f324b9d9479ee280ed8662,a koala bear is wrapped in a blanket and sitting on a chair
/content/fakeddit_images/294.jpg,device explodes at marine race on jersey shore police,1,https://external-preview.redd.it/j4OuXSOUVMsaLNk-0BzoEjTiL9VODffvmPl3vu7zKKo.jpg?width=320&crop=smart&auto=webp&s=06e8fd899fe976b2fe1034336963715f806f9779,a police officer is standing on the side of the road
/content/fakeddit_images/296.jpg,nude woman doing yoga on a rooftop while the sun rises nsfw,1,https://external-preview.redd.it/RsqP1bCH55z03H0fdGZfBk9O1tQee1wxDa8JzyMOgw4.jpg?width=320&crop=smart&auto=webp&s=be204dc9202102f733e68ad0065b90b99396bb7c,a woman doing yoga on a rooftop
/content/fakeddit_images/298.jpg,read lenin romanian poster,0,https://preview.redd.it/78bt25mlglj01.jpg?width=320&crop=smart&auto=webp&s=bc50441bcfa2ec2ac535c2ca58fdf7a74bfa0377,"cittti lenin, the great leader of the revolution, is a book published in the 1920s"
/content/fakeddit_images/299.jpg,this moscow metro car has an art gallery in it,1,https://preview.redd.it/g4rceincvk131.jpg?width=320&crop=smart&auto=webp&s=f7c4b45731d742f81510c601390f7b1ceff3387e,people sitting on the train looking at paintings on the wall
